dataset;method;cls;nr_events;metric;score
bpic2015_5_f2;all_agg;LLM;1;-1;auc;0.6326340326340326
bpic2015_5_f2;all_agg;LLM;2;-1;auc;0.623892773892774
bpic2015_5_f2;all_agg;LLM;3;-1;auc;0.6236596736596736
bpic2015_5_f2;all_agg;LLM;4;-1;auc;0.6268065268065267
bpic2015_5_f2;all_agg;LLM;5;-1;auc;0.6207459207459207
bpic2015_5_f2;all_agg;LLM;6;-1;auc;0.6313519813519812
bpic2015_5_f2;all_agg;LLM;7;-1;auc;0.6301864801864802
bpic2015_5_f2;all_agg;LLM;8;-1;auc;0.6405594405594406
bpic2015_5_f2;all_agg;LLM;9;-1;auc;0.6496503496503496
bpic2015_5_f2;all_agg;LLM;10;-1;auc;0.6473900293255133
bpic2015_5_f2;all_agg;LLM;11;-1;auc;0.6279811097992917
bpic2015_5_f2;all_agg;LLM;12;-1;auc;0.6600118835412953
bpic2015_5_f2;all_agg;LLM;13;-1;auc;0.7184828416616496
bpic2015_5_f2;all_agg;LLM;14;-1;auc;0.7965081276339555
bpic2015_5_f2;all_agg;LLM;15;-1;auc;0.8312039312039312
bpic2015_5_f2;all_agg;LLM;16;-1;auc;0.9119164619164619
bpic2015_5_f2;all_agg;LLM;17;-1;auc;0.950278293135436
bpic2015_5_f2;all_agg;LLM;18;-1;auc;0.9820672478206726
bpic2015_5_f2;all_agg;LLM;19;-1;auc;0.9941469489414695
bpic2015_5_f2;all_agg;LLM;20;-1;auc;0.9962382445141066
bpic2015_5_f2;all_agg;LLM;21;-1;auc;0.9989756722151089
bpic2015_5_f2;all_agg;LLM;22;-1;auc;0.9996131528046421
bpic2015_5_f2;all_agg;LLM;23;-1;auc;0.9996131528046421
bpic2015_5_f2;all_agg;LLM;24;-1;auc;0.9998710509348807
bpic2015_5_f2;all_agg;LLM;25;-1;auc;1.0
bpic2015_5_f2;all_agg;LLM;26;-1;auc;1.0
bpic2015_5_f2;all_agg;LLM;27;-1;auc;1.0
bpic2015_5_f2;all_agg;LLM;28;-1;auc;1.0
bpic2015_5_f2;all_agg;LLM;29;-1;auc;1.0
bpic2015_5_f2;all_agg;LLM;30;-1;auc;1.0
bpic2015_5_f2;all_agg;LLM;31;-1;auc;1.0
bpic2015_5_f2;all_agg;LLM;32;-1;auc;1.0
bpic2015_5_f2;all_agg;LLM;33;-1;auc;1.0
bpic2015_5_f2;all_agg;LLM;34;-1;auc;1.0
bpic2015_5_f2;all_agg;LLM;35;-1;auc;1.0
bpic2015_5_f2;all_agg;LLM;36;-1;auc;1.0
bpic2015_5_f2;all_agg;LLM;37;-1;auc;1.0
bpic2015_5_f2;all_agg;LLM;38;-1;auc;1.0
bpic2015_5_f2;all_agg;LLM;39;-1;auc;1.0
bpic2015_5_f2;all_agg;LLM;40;-1;auc;1.0
bpic2015_5_f2;all_agg;LLM;-1;auc;0.9389247704107345
event columns:;78;  case columns:;25;  control columns:;246
parsimony event;0.9700854700854702;parsimony case;0.96;parsimony control;0.8116531165311652
FC event;0.19927400175240956;FC case;0.1666040806108399;FC control;0.7287520340468143
monotonicity;1
